preset,target_eps,produced_eps,clean_eps,lag_p50,lag_p95,lag_p99,realtime_lag,analytics_lag,a1_ms,a4_ms,redis_ms
1k,1000,1019.9375,999.9454545454545,0.6800437591220257,10.0,10.0,337,497,145,132,97
10k,10000,10196.35,1861.7454545454545,10.0,10.0,10.0,120745,1065213,162,158,83
50k,50000,51160.225,1911.9090909090908,10.0,10.0,10.0,5015689,7116807,202,150,92
100k,100000,103471.9875,1826.8087350219103,10.0,10.0,10.0,16740957,20070705,265,201,94
1k,1000,1019.5875,1000.9454545454545,0.49897421306418277,10.0,10.0,291,378,19,12,93
10k,10000,10195.5,10003.563506781573,0.2044933470172391,10.0,10.0,759,1568,80,53,94
50k,50000,51209.4375,50199.0,0.14910248440402205,10.0,10.0,5325678,2499,456,168,102
100k,100000,105247.0375,110338.46685334011,0.2097064641336324,10.0,10.0,18019704,5767,3971,1601,154
