preset,target_eps,produced_eps,clean_eps,lag_p50,lag_p95,lag_p99,realtime_lag,analytics_lag,a1_ms,a4_ms,redis_ms
1k,1000,1019.4888888888889,998.8182033053945,0.4285786376802818,10.0,10.0,351,466,23,17,88
10k,10000,10197.511111111111,9998.254608923313,0.17504045821204253,10.0,10.0,710,1353,129,57,88
50k,50000,51240.71111111111,50208.66893329212,0.08708749088729392,10.0,10.0,2281,2193,2104,803,92
100k,100000,104592.45555555556,102658.74545454545,4.39809260131872,10.0,10.0,12782,7633,8634,3195,141
