preset,target_eps,produced_eps,clean_eps,clean_lag_p50,clean_lag_p95,clean_lag_p99,rt_apply_p50,rt_apply_p95,rt_apply_p99,ch_fresh_ms,realtime_lag,analytics_lag,a1_ms,a4_ms,redis_ms
1k,1000,1018.925,1000.5090909090909,0.39065239803193286,0.9270637234516296,0.9873458744893879,0.03752808139525444,0.04882042000968072,0.049824182241690024,3876,44,419,24,12,89
10k,10000,10196.35,10007.854545454546,0.16871168978693418,0.2489258441103203,0.7594846541456682,0.03754900376276549,0.048852126058770096,0.04985684804063717,2749,385,1394,109,74,90
50k,50000,51206.59166666667,50202.15260985765,0.08356365483100846,0.22983090072299975,0.24625576087137618,0.03766656078850092,0.049076893995036244,0.09682340767021438,3495,1263,4326,1368,703,85
100k,100000,104528.33333333333,102665.97578269882,0.06579593925800156,0.2202634898901995,0.43436974503740344,0.04263755064874558,0.3346101052314503,0.6932998875990769,3900,11599,10088,5415,2243,147
