preset,target_eps,produced_eps,clean_eps,lag_p50,lag_p95,lag_p99,realtime_lag,analytics_lag,a1_ms,a4_ms,redis_ms
1k,1000,1019.9375,999.9454545454545,0.6800437591220257,10.0,10.0,337,497,145,132,97
10k,10000,10196.35,1861.7454545454545,10.0,10.0,10.0,120745,1065213,162,158,83
50k,50000,51160.225,1911.9090909090908,10.0,10.0,10.0,5015689,7116807,202,150,92
100k,100000,103471.9875,1826.8087350219103,10.0,10.0,10.0,16740957,20070705,265,201,94
