preset,target_eps,produced_eps,clean_eps,lag_p50,lag_p95,lag_p99,realtime_lag,analytics_lag,a1_ms,a4_ms,redis_ms
1k,1000,1019.9375,999.9454545454545,0.6800437591220257,10.0,10.0,337,497,145,132,97
10k,10000,10196.35,1861.7454545454545,10.0,10.0,10.0,120745,1065213,162,158,83
50k,50000,51160.225,1911.9090909090908,10.0,10.0,10.0,5015689,7116807,202,150,92
100k,100000,103471.9875,1826.8087350219103,10.0,10.0,10.0,16740957,20070705,265,201,94
1k,1000,1019.3625,1001.5636363636363,0.5017938006250398,10.0,10.0,441,495,24,14,89
10k,10000,10196.025,10006.50909090909,0.20369167178982236,10.0,10.0,699,1691,71,60,99
50k,50000,51191.3125,50181.69090909091,0.1514488879101351,10.0,10.0,2505,3475,474,236,97
100k,100000,105198.5125,122595.43636363636,5.816875972280678,10.0,10.0,5735260,7049,3401,1236,123
